GEOID,NAMELSAD,COUNTYFP,TRACTCE,tract_area_sq_mi,station_count,total_evse,stations_per_sq_mi,evse_per_sq_mi,population,ev_vehicles_area_weighted,zev_vehicles_area_weighted,light_duty_vehicles_area_weighted,ev_vehicles_population_weighted,zev_vehicles_population_weighted,light_duty_vehicles_population_weighted,evse_per_1000_light_duty_vehicles_area_weighted,ev_share_light_duty_area_weighted,evse_per_1000_light_duty_vehicles_population_weighted,ev_share_light_duty_population_weighted,is_benchmark_20to100,predicted_target_evse_count,current_total_evse,model_gap_evse_all_tracts,application_group,planning_gap_evse_non_benchmark_only,planning_gap_bin
06073018700,Census Tract 187,73,18700,215.88690326045025,0.0,0.0,0.0,0.0,40415,3056.141326815635,3067.3952156726477,49687.63621245687,727.8752980679008,730.2082775102981,13475.21789683762,0.0,0.0615070782145488,0.0,0.0540158462475563,False,3168.0,0.0,3168.0,non_benchmark_application,3168.0,>1000
06037277000,Census Tract 2770,37,277000,0.8876129589702345,0.0,0.0,0.0,0.0,5711,1363.837498980631,1366.3124037090013,7786.297765926028,2340.140453417473,2344.387018479324,13360.1183410901,0.0,0.1751586620471904,0.0,0.1751586620471905,False,2947.0,0.0,2947.0,non_benchmark_application,2947.0,>1000
06065042733,Census Tract 427.33,65,42733,6.294239536294814,0.0,0.0,0.0,0.0,14580,759.2817760880711,762.1014674927793,9885.199753890694,1027.1081975504153,1031.805396917596,12713.783375729605,0.0,0.0768099578148865,0.0,0.0807869826940065,False,2168.0,0.0,2168.0,non_benchmark_application,2168.0,>1000
06077005106,Census Tract 51.06,77,5106,39.094547324128,0.0,0.0,0.0,0.0,15336,1878.7080417195896,1881.9005070978976,31934.53708046363,729.5982751715871,730.8162192327841,12539.527344217617,0.0,0.0588299757402437,0.0,0.0581838736934553,False,1988.0,0.0,1988.0,non_benchmark_application,1988.0,>1000
06025011002,Census Tract 110.02,25,11002,4.451985662435406,0.0,0.0,0.0,0.0,11566,7.360343676534112,7.360343676534112,399.9240037252263,218.93589112241432,218.93589112241432,11895.87361470272,0.0,0.0184043558475453,0.0,0.0184043558475453,False,1484.0,0.0,1484.0,non_benchmark_application,1484.0,>1000
06071001906,Census Tract 19.06,71,1906,3.012675694581717,0.0,0.0,0.0,0.0,13555,346.93124840368256,348.9656358968152,5995.705495575827,660.8758022049306,664.7468217985818,11385.674956238592,0.0,0.0578632904267362,0.0,0.0580444993155908,False,1350.0,0.0,1350.0,non_benchmark_application,1350.0,>1000
06037276400,Census Tract 2764,37,276400,0.4926490942047399,0.0,0.0,0.0,0.0,4233,756.966537864937,758.3401766343508,4321.6049324525975,1734.5148904423445,1737.6624495225085,9902.535622103784,0.0,0.1751586620471907,0.0,0.1751586620471907,False,903.0,0.0,903.0,non_benchmark_application,903.0,501-1000
06065040609,Census Tract 406.09,65,40609,9.416678640067358,0.0,0.0,0.0,0.0,17975,1746.499642279814,1758.1241860868397,15270.071196689409,1100.2750658570387,1107.5983972756108,9619.972535263209,0.0,0.1143740340030935,0.0,0.1143740340030955,False,838.0,0.0,838.0,non_benchmark_application,838.0,501-1000
06065043823,Census Tract 438.23,65,43823,14.727662309026655,0.0,0.0,0.0,0.0,14738,583.6014340926988,584.2625576992036,11039.720155874602,527.7548928554058,528.3507059545939,9860.43471622352,0.0,0.052863788742158,0.0,0.0535224772582371,False,825.0,0.0,825.0,non_benchmark_application,825.0,501-1000
06019005912,Census Tract 59.12,19,5912,10.445456993276029,0.0,0.0,0.0,0.0,13429,153.4904469305173,153.49367574683032,2232.4013267101163,643.7208803475177,643.7454572315473,9471.296507165813,0.0,0.0687557586953756,0.0,0.0679654448427931,False,733.0,0.0,733.0,non_benchmark_application,733.0,501-1000
06037601401,Census Tract 6014.01,37,601401,0.6073742146754562,0.0,0.0,0.0,0.0,6057,1419.7506389539958,1422.6880540690718,13593.133229593765,979.7691442658794,981.7962528402192,9380.61385343699,0.0,0.104446165205167,0.0,0.104446165205585,False,706.0,0.0,706.0,non_benchmark_application,706.0,501-1000
06061021323,Census Tract 213.23,61,21323,3.4243544127264087,0.0,0.0,0.0,0.0,11540,753.647283274246,757.7211744839294,8974.090797852488,779.3926102472927,783.5971172322174,9293.660308873348,0.0,0.0839803496811726,0.0,0.0838628252318571,False,695.0,0.0,695.0,non_benchmark_application,695.0,501-1000
06059032049,Census Tract 320.49,59,32049,4.027105366949178,0.0,0.0,0.0,0.0,10469,916.9284101693434,922.890912723928,8265.302830713656,1124.7327665072344,1131.4471395413714,9150.003253918276,0.0,0.1109370617083817,0.0,0.1229215701126219,False,688.0,0.0,688.0,non_benchmark_application,688.0,501-1000
06065041915,Census Tract 419.15,65,41915,19.550036580637183,0.0,0.0,0.0,0.0,9285,1079.8023186100252,1085.3547721699051,10324.617546611576,953.0698319487024,957.9661013226053,9097.917963950827,0.0,0.104585212356307,0.0,0.1047569164423225,False,658.0,0.0,658.0,non_benchmark_application,658.0,501-1000
06037601100,Census Tract 6011,37,601100,0.2473266030094558,0.0,0.0,0.0,0.0,6188,534.3000004111196,535.4843152151267,5285.731958544889,924.6263166811646,926.668738168866,9131.88149463412,0.0,0.1010834458882034,0.0,0.1012525531813431,False,649.0,0.0,649.0,non_benchmark_application,649.0,501-1000
06059052430,Census Tract 524.30,59,52430,17.76937017932236,0.0,0.0,0.0,0.0,17078,3821.275870939596,3850.457055694599,18513.54403843121,1636.7273651453727,1648.7593039445233,8412.883690853716,0.0,0.2064043417622918,0.0,0.1945501002141255,False,606.0,0.0,606.0,non_benchmark_application,606.0,501-1000
06061021328,Census Tract 213.28,61,21328,71.58921722845461,0.0,0.0,0.0,0.0,12999,3247.0853272455106,3254.5598913567815,42238.64679154022,584.8904943392567,586.1197046456504,8844.67476951202,0.0,0.0768747479830687,0.0,0.0661291126673645,False,595.0,0.0,595.0,non_benchmark_application,595.0,501-1000
06065043235,Census Tract 432.35,65,43235,5.838276360306209,0.0,0.0,0.0,0.0,13536,542.105531428694,542.7190481615326,7026.774884339738,668.0448137042931,668.7437128413587,8574.505045590002,0.0,0.0771485553972791,0.0,0.0779105977723902,False,553.0,0.0,553.0,non_benchmark_application,553.0,501-1000
06065042726,Census Tract 427.26,65,42726,6.458792257572027,0.0,0.0,0.0,0.0,12017,347.4836861154448,348.5282399453538,5400.989146933121,571.6579929493074,573.2160041225188,8636.564324447947,0.0,0.0643370458007231,0.0,0.066190440026144,False,552.0,0.0,552.0,non_benchmark_application,552.0,501-1000
06009000221,Census Tract 2.21,9,221,65.32454960712903,0.0,0.0,0.0,0.0,6911,112.6610320454858,113.02619575941212,7543.045048641474,129.64184102606882,130.08000774582072,8710.483479554692,0.0,0.0149357495970114,0.0,0.0148834265434708,False,517.0,0.0,517.0,non_benchmark_application,517.0,501-1000
06073010005,Census Tract 100.05,73,10005,0.5812042390483982,0.0,0.0,0.0,0.0,6487,105.46515205157291,106.07127361508763,6796.441091690432,133.57081089240688,134.33845923086866,8607.64081916932,0.0,0.0155177026665497,0.0,0.0155177026665591,False,499.0,0.0,499.0,non_benchmark_application,499.0,251-500
06037601212,Census Tract 6012.12,37,601212,0.2258948407813212,0.0,0.0,0.0,0.0,5295,528.0341785786909,529.126663086095,5055.563098388497,856.5094302205395,858.2815186968578,8200.487098202892,0.0,0.1044461652050206,0.0,0.1044461652050206,False,476.0,0.0,476.0,non_benchmark_application,476.0,251-500
06081601800,Census Tract 6018,81,601800,0.7133084596592734,0.0,0.0,0.0,0.0,6025,490.5667037691568,492.49806874462735,5406.70049358735,736.9266284997464,739.8279144387228,8121.916011490259,0.0,0.0907331013343528,0.0,0.0907331013343649,False,459.0,0.0,459.0,non_benchmark_application,459.0,251-500
06037601002,Census Tract 6010.02,37,601002,0.2444976899452055,0.0,0.0,0.0,0.0,5222,571.5187492898773,572.701201874615,5471.897873589014,844.7010849124609,846.4487423295213,8087.4303355645325,0.0,0.1044461652050202,0.0,0.1044461652050196,False,458.0,0.0,458.0,non_benchmark_application,458.0,251-500
06077005223,Census Tract 52.23,77,5223,9.834880011292626,0.0,0.0,0.0,0.0,11561,856.8576842802919,860.0702440745035,4201.426303873541,1337.3952277620654,1342.3283830933983,7757.086789113044,0.0,0.2039444755916115,0.0,0.1724094707357251,False,457.0,0.0,457.0,non_benchmark_application,457.0,251-500
06099003002,Census Tract 30.02,99,3002,9.247154530726446,0.0,0.0,0.0,0.0,7191,223.60979795248312,223.84584444054803,11396.135007542289,159.89909751985084,160.04541979584363,8178.283119074995,0.0,0.0196215469371406,0.0,0.0195516705880361,False,439.0,0.0,439.0,non_benchmark_application,439.0,251-500
06059021822,Census Tract 218.22,59,21822,4.415883059060593,0.0,0.0,0.0,0.0,9475,1723.5940525405142,1740.9388229981985,14112.86156240665,927.2137327249716,936.5444155128456,7592.065561738755,0.0,0.1221293105525646,0.0,0.1221293105525578,False,407.0,0.0,407.0,non_benchmark_application,407.0,251-500
06037277100,Census Tract 2771,37,277100,0.4764939974659563,0.0,0.0,0.0,0.0,3179,732.143864300953,733.4724582961791,4179.889568393095,1302.627648641118,1304.9914781511145,7436.844021404495,0.0,0.1751586620462837,0.0,0.1751586620469563,False,388.0,0.0,388.0,non_benchmark_application,388.0,251-500
06059032053,Census Tract 320.53,59,32053,3.2446163973333544,0.0,0.0,0.0,0.0,8654,792.5774132170588,797.2338667888353,8532.828632025343,700.7598619416323,704.8768803018323,7544.327802473848,0.0,0.092885659304391,0.0,0.0928856593044442,False,387.0,0.0,387.0,non_benchmark_application,387.0,251-500
06037920028,Census Tract 9200.28,37,920028,0.994007539323878,0.0,0.0,0.0,0.0,8576,210.87129327245873,211.85958406378649,2400.848379851413,702.1519015377017,705.4907988008376,7538.279864077986,0.0,0.0878319909920798,0.0,0.0931448439429334,False,386.0,0.0,386.0,non_benchmark_application,386.0,251-500
06061021038,Census Tract 210.38,61,21038,1.0737414619087418,0.0,0.0,0.0,0.0,7758,155.13800181136148,155.41844848678053,1761.485568307136,665.7251068205348,666.9285540144585,7558.85182503498,0.0,0.0880722525365086,0.0,0.0880722525365092,False,385.0,0.0,385.0,non_benchmark_application,385.0,251-500
06059110604,Census Tract 1106.04,59,110604,1.3701546877803217,0.0,0.0,0.0,0.0,9200,676.6998964122087,687.1118196722676,8603.969564251727,592.4630873237952,601.5559084677448,7550.166505411156,0.0,0.0786497315406368,0.0,0.078470201537831,False,384.0,0.0,384.0,non_benchmark_application,384.0,251-500
06013302014,Census Tract 3020.14,13,302014,1.4830042528573428,0.0,0.0,0.0,0.0,8261,153.63588703346693,154.38655097662618,2995.3159474166723,390.8991423849379,392.8090730480508,7621.047774866021,0.0,0.0512920472265942,0.0,0.0512920472266439,False,381.0,0.0,381.0,non_benchmark_application,381.0,251-500
06077003219,Census Tract 32.19,77,3219,1.647961080369433,0.0,0.0,0.0,0.0,11405,207.2597027173747,207.7912077789578,6014.500196373272,262.58548502836504,263.26145545801324,7599.441197284391,0.0,0.0344600043146314,0.0,0.0345532623006805,False,380.0,0.0,380.0,non_benchmark_application,380.0,251-500
06083002409,Census Tract 24.09,83,2409,2.8038053854146,0.0,0.0,0.0,0.0,10076,32.63760726727825,32.63760726727825,2094.5259967990005,177.1855507429064,177.1855507429064,7651.932632810912,0.0,0.0155823357251985,0.0,0.0231556600463454,False,379.0,0.0,379.0,non_benchmark_application,379.0,251-500
06095252205,Census Tract 2522.05,95,252205,13.82420868482575,0.0,0.0,0.0,0.0,8310,516.568439252997,518.6244842794177,6985.872708765663,557.2109042242887,559.441403237818,7475.740863234367,0.0,0.0739447254177452,0.0,0.0745358773689772,False,371.0,0.0,371.0,non_benchmark_application,371.0,251-500
06065042731,Census Tract 427.31,65,42731,7.968873896044507,0.0,0.0,0.0,0.0,9624,214.8010776620956,216.0115142235508,5476.902509901483,246.84896663199297,248.4122609027713,7547.557423911655,0.0,0.0392194451651759,0.0,0.0327058083519766,False,369.0,0.0,369.0,non_benchmark_application,369.0,251-500
06099000514,Census Tract 5.14,99,514,0.4133608292619701,0.0,0.0,0.0,0.0,4575,34.78621467706183,34.78621467706183,1520.2913745209776,174.7194541546579,174.7194541546579,7635.912144459234,0.0,0.0228812813517556,0.0,0.0228812813517554,False,364.0,0.0,364.0,non_benchmark_application,364.0,251-500
06013346204,Census Tract 3462.04,13,346204,5.031465071672744,0.0,0.0,0.0,0.0,7702,1111.143939342979,1115.5297482337974,7839.576604342185,1072.083655056018,1076.5767838506672,7164.695139398396,0.0,0.1417351976288538,0.0,0.149634232049968,False,357.0,0.0,357.0,non_benchmark_application,357.0,251-500
06065040302,Census Tract 403.02,65,40302,2.215599730605492,0.0,0.0,0.0,0.0,9812,116.7252862183695,118.2054981812836,4385.938532398444,197.65768437958835,200.1642129858513,7426.963618862021,0.0,0.0266135253278477,0.0,0.0266135253278477,False,353.0,0.0,353.0,non_benchmark_application,353.0,251-500
06067009312,Census Tract 93.12,67,9312,0.8172795009221264,0.0,0.0,0.0,0.0,7657,77.09029842788956,77.25123850811494,1075.079735906027,526.1352273410745,527.2336307384469,7337.334694451944,0.0,0.0717065868262519,0.0,0.0717065868262635,False,353.0,0.0,353.0,non_benchmark_application,353.0,251-500
06059032059,Census Tract 320.59,59,32059,1.001207335400773,0.0,0.0,0.0,0.0,8955,122.6987922242658,123.24733386802396,697.919506837924,1235.5736808096715,1241.097481049016,7028.031477249242,0.0,0.1758065092351113,0.0,0.1758065092351113,False,352.0,0.0,352.0,non_benchmark_application,352.0,251-500
06073020110,Census Tract 201.10,73,20110,18.338936663208017,0.0,0.0,0.0,0.0,9085,541.2830017020567,543.4361397331919,11528.324962355506,345.14521701729285,346.22285013466296,7357.826866599895,0.0,0.0469524413537576,0.0,0.0469085809268011,False,350.0,0.0,350.0,non_benchmark_application,350.0,251-500
06071000121,Census Tract 1.21,71,121,9.243204491394364,0.0,0.0,0.0,0.0,8244,1567.7400599683551,1577.0117517410692,13004.680918003176,857.311141702085,862.3813219329425,7111.5474624724975,0.0,0.1205519820019602,0.0,0.1205519820019622,False,343.0,0.0,343.0,non_benchmark_application,343.0,251-500
06047002002,Census Tract 20.02,47,2002,74.9983225863011,0.0,0.0,0.0,0.0,7262,54.82233002622808,54.82233002622808,3716.6117980393706,105.2563384434008,105.2563384434008,7396.35590821106,0.0,0.0147506204589751,0.0,0.0142308374217836,False,340.0,0.0,340.0,non_benchmark_application,340.0,251-500
06081605000,Census Tract 6050,81,605000,1.5823584892550366,0.0,0.0,0.0,0.0,8273,531.7401721291726,532.6305277662264,3445.082744973012,1078.4814846933898,1080.2873141561324,6987.3561345052,0.0,0.1543475763840726,0.0,0.1543475763840912,False,339.0,0.0,339.0,non_benchmark_application,339.0,251-500
06013359203,Census Tract 3592.03,13,359203,1.4339394955975773,0.0,0.0,0.0,0.0,7058,474.18632901192456,475.70291641814606,5218.577264808206,651.9585087474412,654.0436638926889,7175.018854797266,0.0,0.090865058606994,0.0,0.090865058606994,False,339.0,0.0,339.0,non_benchmark_application,339.0,251-500
06065043517,Census Tract 435.17,65,43517,15.60406708284525,0.0,0.0,0.0,0.0,9093,391.6946888556137,393.4355967809376,11460.17025014895,255.45048658398895,256.61268099674874,7274.5255166667885,0.0,0.0341787844600757,0.0,0.0351157592338802,False,337.0,0.0,337.0,non_benchmark_application,337.0,251-500
06081602500,Census Tract 6025,81,602500,0.4597904773767394,0.0,0.0,0.0,0.0,5331,316.2136882794576,317.45862406008234,3485.0973198317556,652.0424658078468,654.6095621299198,7186.379129779311,0.0,0.0907331013340892,0.0,0.0907331013341444,False,336.0,0.0,336.0,non_benchmark_application,336.0,251-500
06059062639,Census Tract 626.39,59,62639,0.6742458740384467,0.0,0.0,0.0,0.0,8624,379.0063906584341,382.8841250824304,3292.1965259729723,802.8313175964579,811.0453390843221,6973.704243196635,0.0,0.1151226506887898,0.0,0.1151226506887898,False,327.0,0.0,327.0,non_benchmark_application,327.0,251-500
06081602201,Census Tract 6022.01,81,602201,0.1920626714124374,0.0,0.0,0.0,0.0,5250,132.088089459337,132.60812130760212,1455.7872211658855,642.1352364525403,644.663327934637,7077.188225784145,0.0,0.090733101334378,0.0,0.090733101334378,False,324.0,0.0,324.0,non_benchmark_application,324.0,251-500
06071000120,Census Tract 1.20,71,120,1.455236491334906,0.0,0.0,0.0,0.0,8007,246.8226843103169,248.2824057972356,2047.43779580741,832.6650062603462,837.5894280347865,6907.103412424831,0.0,0.1205519820019645,0.0,0.1205519820019645,False,320.0,0.0,320.0,non_benchmark_application,320.0,251-500
06065043809,Census Tract 438.09,65,43809,8.62768656659844,0.0,0.0,0.0,0.0,7623,496.4113749423065,497.56180686569553,9392.317961201625,373.4181205443409,374.2835159569586,7065.232381179212,0.0,0.0528529141573905,0.0,0.0528529141573707,False,317.0,0.0,317.0,non_benchmark_application,317.0,251-500
06059052421,Census Tract 524.21,59,52421,0.9665105458415296,0.0,0.0,0.0,0.0,9399,1347.2124590261385,1362.5848760142978,6942.281633663341,1286.9727817464843,1301.6578316960072,6631.862291565914,0.0,0.1940590327671904,0.0,0.1940590327671904,False,313.0,0.0,313.0,non_benchmark_application,313.0,251-500
06065042739,Census Tract 427.39,65,42739,3.904359025582717,0.0,0.0,0.0,0.0,9265,436.6648028061117,437.1986228584419,6274.921260128135,483.6581160982557,484.24938518884034,6950.2203425497655,0.0,0.0695888895978266,0.0,0.0695888895978253,False,313.0,0.0,313.0,non_benchmark_application,313.0,251-500
06111005205,Census Tract 52.05,111,5205,4.45391968700414,0.0,0.0,0.0,0.0,8350,436.7047167760118,437.7174828167726,7378.000606941666,413.3098361854969,414.26834693731854,6982.750827020745,0.0,0.0591901166781056,0.0,0.0591901166781056,False,312.0,0.0,312.0,non_benchmark_application,312.0,251-500
06073020044,Census Tract 200.44,73,20044,3.326937820783072,0.0,0.0,0.0,0.0,9056,776.9968562185373,778.9744506604272,7551.246616912356,699.5130998849461,701.2934844608812,6798.220464751029,0.0,0.102896501152315,0.0,0.102896501152315,False,306.0,0.0,306.0,non_benchmark_application,306.0,251-500
06059076103,Census Tract 761.03,59,76103,0.6238127120587733,0.0,0.0,0.0,0.0,9342,240.0047945505783,245.4884038979124,4654.993438515699,357.1770211588719,365.5288057315753,6922.587002861488,0.0,0.0515585677446425,0.0,0.0515958876372707,False,306.0,0.0,306.0,non_benchmark_application,306.0,251-500
06111007506,Census Tract 75.06,111,7506,8.664657164281104,0.0,0.0,0.0,0.0,7070,1256.712890966757,1261.8446586703428,17798.680985252464,487.9805831058338,489.97324428911577,6911.213204008893,0.0,0.0706070799295766,0.0,0.0706070799295813,False,305.0,0.0,305.0,non_benchmark_application,305.0,251-500
06095253501,Census Tract 2535.01,95,253501,148.4345265925711,0.0,0.0,0.0,0.0,6523,974.5481320669948,976.2284852867416,25550.59574205261,270.3236524216749,270.50061042933754,6973.132329501455,0.0,0.0381418946902685,0.0,0.0387664595547696,False,302.0,0.0,302.0,non_benchmark_application,302.0,251-500
06017031504,Census Tract 315.04,17,31504,22.888542055810255,0.0,0.0,0.0,0.0,6006,135.1288030677655,135.330042229398,6923.035310271695,143.84076981461487,144.072250701388,7008.143965310343,0.0,0.0195187222095018,0.0,0.0205248023623106,False,300.0,0.0,300.0,non_benchmark_application,300.0,251-500
06065042300,Census Tract 423,65,42300,3.786447318152484,0.0,0.0,0.0,0.0,10814,295.92061425629686,298.5036438331019,7612.99375910541,265.02473152520145,267.3094384599775,6855.730948581977,0.0,0.038870465892917,0.0,0.0386573997014889,False,299.0,0.0,299.0,non_benchmark_application,299.0,251-500
06059052429,Census Tract 524.29,59,52429,0.7887084421880035,0.0,0.0,0.0,0.0,9027,1022.4397585211076,1033.8861832917592,5220.373795847704,1294.437114009564,1308.3851683073583,6489.839914495544,0.0,0.1958556606299645,0.0,0.1994559389852347,False,299.0,0.0,299.0,non_benchmark_application,299.0,251-500
06067009404,Census Tract 94.04,67,9404,69.46160677227685,0.0,0.0,0.0,0.0,7235,238.56969894576844,239.88920610393149,6382.217326587631,269.9204313824219,271.49589690916196,6905.66930722797,0.0,0.0373803784386834,0.0,0.0390867878801992,False,297.0,0.0,297.0,non_benchmark_application,297.0,251-500
06073010013,Census Tract 100.13,73,10013,0.3461505189718424,0.0,0.0,0.0,0.0,5259,62.81237242170579,63.17336306780754,4047.788114739006,108.28563195358085,108.90796317170486,6978.199948824724,0.0,0.0155177026665477,0.0,0.0155177026665477,False,294.0,0.0,294.0,non_benchmark_application,294.0,251-500
06059074803,Census Tract 748.03,59,74803,0.6700330661640505,0.0,0.0,0.0,0.0,9393,180.99490364965973,187.50928839078452,5608.235033847959,224.8970408331958,233.02093730050632,6828.559179574773,0.0,0.0322730596270096,0.0,0.0329347721706646,False,292.0,0.0,292.0,non_benchmark_application,292.0,251-500
06065042008,Census Tract 420.08,65,42008,21.132324368752354,0.0,0.0,0.0,0.0,8929,1202.2075840748812,1214.2132204821078,31343.74843873056,242.88122741836324,245.26851635325755,6827.21611707736,0.0,0.0383555778730455,0.0,0.0355754414761865,False,292.0,0.0,292.0,non_benchmark_application,292.0,251-500
06013355201,Census Tract 3552.01,13,355201,1.797671918386122,0.0,0.0,0.0,0.0,8798,109.29034395790308,110.31886932801928,2739.534463602843,270.42469555861624,272.9696473815798,6778.620566676,0.0,0.0398937649479948,0.0,0.0398937649479948,False,288.0,0.0,288.0,non_benchmark_application,288.0,251-500
06077005212,Census Tract 52.12,77,5212,1.4474517043094537,0.0,0.0,0.0,0.0,7945,42.99351044083229,43.07247005596697,409.45824421678407,693.4315370769061,694.705056887883,6604.049233122434,0.0,0.1050009641961678,0.0,0.1050009641961811,False,285.0,0.0,285.0,non_benchmark_application,285.0,251-500
06059021913,Census Tract 219.13,59,21913,1.0982079736840518,0.0,0.0,0.0,0.0,7990,181.63720957915032,184.1286934273599,2326.0010984204378,519.2152066037548,526.3371851014169,6648.941280672242,0.0,0.0780899070522787,0.0,0.0780899070522787,False,284.0,0.0,284.0,non_benchmark_application,284.0,251-500
06081601902,Census Tract 6019.02,81,601902,0.5051657952402033,0.0,0.0,0.0,0.0,4960,347.4198513590778,348.78764604946787,3829.030929723582,606.6649091056379,609.0533536296758,6686.257828550351,0.0,0.0907331013343781,0.0,0.090733101334378,False,284.0,0.0,284.0,non_benchmark_application,284.0,251-500
06115040701,Census Tract 407.01,115,40701,25.46168011572156,0.0,0.0,0.0,0.0,9472,392.2646693856245,393.3588525638268,12885.10110651964,205.16049985418127,205.73277460970144,6739.107521020525,0.0,0.0304432744565073,0.0,0.0304432744564836,False,284.0,0.0,284.0,non_benchmark_application,284.0,251-500
06037301100,Census Tract 3011,37,301100,0.5192427147052097,0.0,0.0,0.0,0.0,6912,296.953503454366,299.5026538027523,2500.712425495142,780.69064117456,787.3923693412331,6574.853249429192,0.0,0.1187475618655228,0.0,0.1187388693796834,False,284.0,0.0,284.0,non_benchmark_application,284.0,251-500
06113010104,Census Tract 101.04,113,10104,0.9132026590401856,0.0,0.0,0.0,0.0,6192,93.18662493114238,94.75844752034236,3309.8092806868317,190.93503013410475,194.15562100383667,6781.644202835417,0.0,0.0281546811397558,0.0,0.0281546811397558,False,281.0,0.0,281.0,non_benchmark_application,281.0,251-500
06013345114,Census Tract 3451.14,13,345114,2.193684263449215,0.0,0.0,0.0,0.0,6672,546.3275896054399,547.9932225005845,4603.975885443712,773.3118158811029,775.6694738563563,6516.8024093730755,0.0,0.118664303028335,0.0,0.118664303028254,False,278.0,0.0,278.0,non_benchmark_application,278.0,251-500
06065042738,Census Tract 427.38,65,42738,1.9805397342409232,0.0,0.0,0.0,0.0,8653,221.50421793563785,221.7750054881264,3183.039982614838,451.7100570532064,452.26226983689,6491.1232190051005,0.0,0.0695888895978221,0.0,0.0695888895978222,False,269.0,0.0,269.0,non_benchmark_application,269.0,251-500
06111007507,Census Tract 75.07,111,7507,3.81490475934794,0.0,0.0,0.0,0.0,7056,572.2547699189155,574.901341894087,7974.48188767613,466.31956182431475,468.4298967194273,6517.731197901558,0.0,0.0717607460872518,0.0,0.0715463015680135,False,268.0,0.0,268.0,non_benchmark_application,268.0,251-500
06037910002,Census Tract 9100.02,37,910002,28.02589569381296,0.0,0.0,0.0,0.0,7288,35.19908611051325,35.55852000056796,2246.314002776164,116.6982225119398,117.63598304253844,6633.476655207396,0.0,0.0156697087170411,0.0,0.0175923167559999,False,267.0,0.0,267.0,non_benchmark_application,267.0,251-500
06085503315,Census Tract 5033.15,85,503315,0.6359659430447622,0.0,0.0,0.0,0.0,7822,296.79364436419854,299.3616136985214,2938.7859933871896,648.0461791125276,653.6460338779066,6411.581153022929,0.0,0.1009919215050156,0.0,0.1010743159364031,False,267.0,0.0,267.0,non_benchmark_application,267.0,251-500
06059021814,Census Tract 218.14,59,21814,1.740575850440817,0.0,0.0,0.0,0.0,8058,404.0537475262065,406.8810174358813,4116.873762820381,629.0973231763172,633.4992819329462,6409.826118186056,0.0,0.0981457705055785,0.0,0.0981457705056043,False,266.0,0.0,266.0,non_benchmark_application,266.0,251-500
06071000109,Census Tract 1.09,71,109,1.2555310071808037,0.0,0.0,0.0,0.0,7334,212.9506339845208,214.2100345009229,1766.463150983701,762.6783009758184,767.188817935197,6326.551320934644,0.0,0.1205519820019645,0.0,0.1205519820019645,False,262.0,0.0,262.0,non_benchmark_application,262.0,251-500
06001442200,Census Tract 4422,1,442200,1.6182254660904398,0.0,0.0,0.0,0.0,7355,551.8479510677079,555.2038268080296,2695.5426523448923,1250.6214075166438,1258.2266365180278,6108.753940961362,0.0,0.2047261061098948,0.0,0.2047261061099193,False,260.0,0.0,260.0,non_benchmark_application,260.0,251-500
06101050504,Census Tract 505.04,101,50504,8.880094144139369,0.0,0.0,0.0,0.0,8357,79.9347305669536,79.9347305669536,3063.216829078308,169.53433521919533,169.53433521919533,6496.805894842605,0.0,0.0260950285360652,0.0,0.0260950285360653,False,259.0,0.0,259.0,non_benchmark_application,259.0,251-500
06107004200,Census Tract 42,107,4200,152.96369190383274,0.0,0.0,0.0,0.0,6690,76.96691745245192,77.06653244640556,9545.416354055842,50.280620254396744,50.30042049097841,6554.531399576697,0.0,0.0080632331369965,0.0,0.0076711235615781,False,258.0,0.0,258.0,non_benchmark_application,258.0,251-500
06037910706,Census Tract 9107.06,37,910706,7.998382080443587,0.0,0.0,0.0,0.0,6761,138.4014969633088,139.82424689676145,4946.817373279915,142.66538291531367,144.24591478014747,6497.951675385113,0.0,0.0279778868956999,0.0,0.0219554391972079,False,256.0,0.0,256.0,non_benchmark_application,256.0,251-500
06073010110,Census Tract 101.10,73,10110,0.8439896353802628,0.0,0.0,0.0,0.0,7030,37.44161331437723,37.58786961638651,1199.3991806774852,201.6257617076018,202.4133623392721,6458.8502467844,0.0,0.0312169742297374,0.0,0.0312169742297374,False,255.0,0.0,255.0,non_benchmark_application,255.0,251-500
06103001000,Census Tract 10,103,1000,70.18036737885465,0.0,0.0,0.0,0.0,6784,28.317416263678663,28.357184975363044,3506.054521873445,52.69567250304886,52.767165149515435,6524.6419699785565,0.0,0.0080767187409702,0.0,0.008076408291139,False,255.0,0.0,255.0,non_benchmark_application,255.0,251-500
06071002206,Census Tract 22.06,71,2206,0.77464929414276,0.0,0.0,0.0,0.0,7570,88.28136382763132,88.79778806184468,1515.35178451912,370.9365184892739,373.1064057587617,6367.1344762358385,0.0,0.0582579997130147,0.0,0.0582579997130147,False,254.0,0.0,254.0,non_benchmark_application,254.0,251-500
06065043007,Census Tract 430.07,65,43007,6.389813633880578,0.0,0.0,0.0,0.0,7258,255.17588829918503,256.38981739469324,3379.5780581928816,511.499255878473,513.978553801143,6320.289403201759,0.0,0.0755052506275389,0.0,0.0809297206579425,False,254.0,0.0,254.0,non_benchmark_application,254.0,251-500
06073017064,Census Tract 170.64,73,17064,0.7229262801806182,0.0,0.0,0.0,0.0,8172,204.51086716223236,205.13428087100303,1141.1899645902283,1089.1809579294795,1092.5011254586047,6077.732670439899,0.0,0.1792084346234738,0.0,0.1792084346234738,False,254.0,0.0,254.0,non_benchmark_application,254.0,251-500
06013345112,Census Tract 3451.12,13,345112,3.2804618480832297,0.0,0.0,0.0,0.0,8221,1750.0293408736047,1759.031712492712,8043.802524741168,1297.0360745255111,1303.7140103176723,5969.527469205713,0.0,0.2175624445641045,0.0,0.2172761715590347,False,252.0,0.0,252.0,non_benchmark_application,252.0,251-500
06073019303,Census Tract 193.03,73,19303,3.265395204791359,0.0,0.0,0.0,0.0,7993,438.21520038456765,440.7626250221363,9535.523273584024,298.29866222293157,299.9676771211798,6368.605894444931,0.0,0.0459560726571285,0.0,0.0468389263155889,False,252.0,0.0,252.0,non_benchmark_application,252.0,251-500
06059032063,Census Tract 320.63,59,32063,2.33675274031878,0.0,0.0,0.0,0.0,7205,694.5515136640331,696.8168480204075,5596.735060856866,767.7430505185148,770.2471048254934,6186.516570815527,0.0,0.1240994090504074,0.0,0.1240994090503678,False,251.0,0.0,251.0,non_benchmark_application,251.0,251-500
06085512509,Census Tract 5125.09,85,512509,1.8718643020152923,0.0,0.0,0.0,0.0,7855,44.57658201572884,44.71143966209106,652.9807236858497,429.9313388639968,431.23201123129707,6297.85560246815,0.0,0.0682663061845217,0.0,0.0682663061845218,False,251.0,0.0,251.0,non_benchmark_application,251.0,251-500
06059076201,Census Tract 762.01,59,76201,0.8979197454144161,0.0,0.0,0.0,0.0,7589,268.7437308630705,276.2479188103811,4254.640060252191,398.20961931169455,409.328910601375,6304.290683396657,0.0,0.0631648569696259,0.0,0.0631648569696258,False,250.0,0.0,250.0,non_benchmark_application,250.0,101-250
06071002037,Census Tract 20.37,71,2037,1.778774466260325,0.0,0.0,0.0,0.0,7481,503.0350154149755,504.4663794993869,7564.401345093524,418.8000678349899,419.99174506873777,6297.71626104901,0.0,0.0665003074884779,0.0,0.0665003074884847,False,250.0,0.0,250.0,non_benchmark_application,250.0,101-250
06065042007,Census Tract 420.07,65,42007,51.760040829690205,0.0,0.0,0.0,0.0,7605,1654.5685480899847,1664.9697869687634,26663.16745700493,385.4668781854726,387.7862308921475,6314.706423234921,0.0,0.0620544633625401,0.0,0.0610427235013095,False,250.0,0.0,250.0,non_benchmark_application,250.0,101-250
06085503802,Census Tract 5038.02,85,503802,0.6467181194110048,0.0,0.0,0.0,0.0,7647,84.1066556584335,84.95450500982783,1626.8533354541798,324.576650141927,327.8485921796466,6278.202381974617,0.0,0.0516989785283581,0.0,0.0516989785282839,False,245.0,0.0,245.0,non_benchmark_application,245.0,101-250
06037406903,Census Tract 4069.03,37,406903,0.7573643012636062,0.0,0.0,0.0,0.0,7988,135.91249317769763,138.69652597684532,3351.7263296638375,240.78012072526425,245.83731592994613,6304.339614442943,0.0,0.0405499971685722,0.0,0.0381927585521643,False,245.0,0.0,245.0,non_benchmark_application,245.0,101-250
06001442900,Census Tract 4429,1,442900,0.797885991067852,0.0,0.0,0.0,0.0,7783,513.2593529767335,515.6568649020733,2633.8107007012345,1159.9403217900951,1165.3585781512222,5952.2797080798155,0.0,0.1948732886688028,0.0,0.1948732886688028,False,245.0,0.0,245.0,non_benchmark_application,245.0,101-250
