GEOID,NAMELSAD,COUNTYFP,TRACTCE,tract_area_sq_mi,station_count,total_evse,stations_per_sq_mi,evse_per_sq_mi,population,ev_vehicles_area_weighted,zev_vehicles_area_weighted,light_duty_vehicles_area_weighted,ev_vehicles_population_weighted,zev_vehicles_population_weighted,light_duty_vehicles_population_weighted,evse_per_1000_light_duty_vehicles_area_weighted,ev_share_light_duty_area_weighted,evse_per_1000_light_duty_vehicles_population_weighted,ev_share_light_duty_population_weighted,is_benchmark_20to100,is_above_standard_gt100,is_below_standard_lt20,predicted_target_evse_count,current_total_evse,model_gap_evse_all_tracts,application_group,planning_gap_evse_non_benchmark_only,planning_gap_bin
06037276000,Census Tract 2760,37,276000,0.9028740720436974,23.0,48.0,25.4742058855876,53.16356010905238,6626,1387.2865463105684,1389.8040031451508,7920.170947279844,2715.0710286016947,2719.9979661082307,15500.63808931247,6.060475249777966,0.1751586620471907,3.096646713730805,0.1751586620471907,False,False,True,6125.0,48.0,6077.0,below_standard_gap_application,6077.0,>1000
06073013317,Census Tract 133.17,73,13317,6.664922358724757,4.0,7.0,0.6001570288007595,1.0502748004013291,18047,2116.448114980853,2119.983449881764,33266.28230458739,962.1419221173724,963.7324587797316,14493.93558753717,0.2104232729076163,0.0636214198990608,0.4829606118864676,0.0663823787753469,False,False,True,3875.0,7.0,3868.0,below_standard_gap_application,3868.0,>1000
06073018700,Census Tract 187,73,18700,215.88690326045025,0.0,0.0,0.0,0.0,40415,3056.141326815635,3067.3952156726477,49687.63621245687,727.8752980679008,730.2082775102981,13475.21789683762,0.0,0.0615070782145488,0.0,0.0540158462475563,False,False,True,3168.0,0.0,3168.0,below_standard_gap_application,3168.0,>1000
06037277000,Census Tract 2770,37,277000,0.8876129589702345,0.0,0.0,0.0,0.0,5711,1363.837498980631,1366.3124037090013,7786.297765926028,2340.140453417473,2344.387018479324,13360.1183410901,0.0,0.1751586620471904,0.0,0.1751586620471905,False,False,True,2947.0,0.0,2947.0,below_standard_gap_application,2947.0,>1000
06037276500,Census Tract 2765,37,276500,0.4602164819199196,18.0,34.0,39.1120281588092,73.87827541108405,5464,707.1330914551634,708.4162993394884,4037.100324873856,2238.929686126623,2242.992587807232,12782.294977358855,8.421886320365935,0.1751586620471857,2.6599292271242243,0.1751586620471844,False,False,True,2419.0,34.0,2385.0,below_standard_gap_application,2385.0,>1000
06065042733,Census Tract 427.33,65,42733,6.294239536294814,0.0,0.0,0.0,0.0,14580,759.2817760880711,762.1014674927793,9885.199753890694,1027.1081975504153,1031.805396917596,12713.783375729605,0.0,0.0768099578148865,0.0,0.0807869826940065,False,False,True,2168.0,0.0,2168.0,below_standard_gap_application,2168.0,>1000
06077005106,Census Tract 51.06,77,5106,39.094547324128,0.0,0.0,0.0,0.0,15336,1878.7080417195896,1881.9005070978976,31934.53708046363,729.5982751715871,730.8162192327841,12539.527344217617,0.0,0.0588299757402437,0.0,0.0581838736934553,False,False,True,1988.0,0.0,1988.0,below_standard_gap_application,1988.0,>1000
06059052433,Census Tract 524.33,59,52433,1.3014184463772422,3.0,8.0,2.3051770999182457,6.147138933115321,16295,1594.7260254430082,1612.29511346788,8079.964420293023,2413.3421519504045,2438.315747768594,11873.275609231823,0.990103369750962,0.1973679514525851,0.6737820516673396,0.203258328314552,False,False,True,1991.0,8.0,1983.0,below_standard_gap_application,1983.0,>1000
06073021101,Census Tract 211.01,73,21101,234.69836815484885,6.0,10.0,0.025564728238934,0.0426078803982233,4714,137.95443377921382,137.95443377921382,12560.837782589548,140.9388150185544,140.9388150185544,12676.350160923495,0.7961252404565641,0.0109829006764525,0.7888706033718053,0.0111182488042194,False,False,True,1801.0,10.0,1791.0,below_standard_gap_application,1791.0,>1000
06059052422,Census Tract 524.22,59,52422,2.589328711869902,5.0,17.0,1.9310024166028783,6.565408216449788,12295,1310.9842633362075,1324.9677373963166,12278.048478728591,1287.473047359283,1300.1399239187217,11527.032064282226,1.3845848572313484,0.1067746446519945,1.4747941972571037,0.1116916340806112,False,False,True,1512.0,17.0,1495.0,below_standard_gap_application,1495.0,>1000
06025011002,Census Tract 110.02,25,11002,4.451985662435406,0.0,0.0,0.0,0.0,11566,7.360343676534112,7.360343676534112,399.9240037252263,218.93589112241432,218.93589112241432,11895.87361470272,0.0,0.0184043558475453,0.0,0.0184043558475453,False,False,True,1484.0,0.0,1484.0,below_standard_gap_application,1484.0,>1000
06071001907,Census Tract 19.07,71,1907,7.02463451676089,1.0,20.0,0.1423561606819521,2.8471232136390414,16455,1627.5761034492075,1638.6929946052296,10979.323740405309,1693.7405077422625,1705.3301767314738,11184.156203738592,1.8216058177060084,0.1482401049401176,1.7882439797572287,0.1514410633120526,False,False,True,1466.0,20.0,1446.0,below_standard_gap_application,1446.0,>1000
06059052439,Census Tract 524.39,59,52439,5.799119630435931,32.0,220.0,5.518078956683723,37.9367928272006,13687,3388.061075159497,3413.2844597872045,14509.331617344886,2609.09324758633,2628.5173845937557,11173.411077904862,15.162655717166563,0.2335091074153483,19.68960046901384,0.2335091074153484,False,False,True,1605.0,220.0,1385.0,below_standard_gap_application,1385.0,>1000
06071001906,Census Tract 19.06,71,1906,3.012675694581717,0.0,0.0,0.0,0.0,13555,346.93124840368256,348.9656358968152,5995.705495575827,660.8758022049306,664.7468217985818,11385.674956238592,0.0,0.0578632904267362,0.0,0.0580444993155908,False,False,True,1350.0,0.0,1350.0,below_standard_gap_application,1350.0,>1000
06077005119,Census Tract 51.19,77,5119,14.579299933015188,2.0,8.0,0.1371807980622547,0.5487231922490188,12380,1284.0769777449823,1287.5099949722876,14955.905104342812,868.814678319772,871.1097315947471,10643.805823796129,0.5349057742869073,0.0858575237530839,0.7516108554061153,0.081626317945164,False,False,True,1086.0,8.0,1078.0,below_standard_gap_application,1078.0,>1000
06059086303,Census Tract 863.03,59,86303,2.5496188470868537,18.0,78.0,7.059878781711415,30.5928080540828,13930,809.9457374670518,824.1770586746179,16780.70719013224,499.19214202176886,508.4239117235337,10556.94057311658,4.648195044239094,0.0482664841409862,7.3885042223907424,0.0472856826809246,False,False,True,1020.0,78.0,942.0,below_standard_gap_application,942.0,501-1000
06037276400,Census Tract 2764,37,276400,0.4926490942047399,0.0,0.0,0.0,0.0,4233,756.966537864937,758.3401766343508,4321.6049324525975,1734.5148904423445,1737.6624495225085,9902.535622103784,0.0,0.1751586620471907,0.0,0.1751586620471907,False,False,True,903.0,0.0,903.0,below_standard_gap_application,903.0,501-1000
06001450751,Census Tract 4507.51,1,450751,3.8654116767685767,7.0,24.0,1.8109325953741335,6.208911755568458,12378,1519.455482765157,1526.49619188648,8281.808334367137,1511.2455651323853,1518.1495810302076,9852.811039422257,2.897917825555907,0.1834690470268252,2.435853068121694,0.153382172771376,False,False,True,914.0,24.0,890.0,below_standard_gap_application,890.0,501-1000
06065040609,Census Tract 406.09,65,40609,9.416678640067358,0.0,0.0,0.0,0.0,17975,1746.499642279814,1758.1241860868397,15270.071196689409,1100.2750658570387,1107.5983972756108,9619.972535263209,0.0,0.1143740340030935,0.0,0.1143740340030955,False,False,True,838.0,0.0,838.0,below_standard_gap_application,838.0,501-1000
06065043823,Census Tract 438.23,65,43823,14.727662309026655,0.0,0.0,0.0,0.0,14738,583.6014340926988,584.2625576992036,11039.720155874602,527.7548928554058,528.3507059545939,9860.43471622352,0.0,0.052863788742158,0.0,0.0535224772582371,False,False,True,825.0,0.0,825.0,below_standard_gap_application,825.0,501-1000
06081602400,Census Tract 6024,81,602400,1.0509432683926268,1.0,6.0,0.9515261480569334,5.7091568883416,7339,722.7697471430013,725.6152973286015,7965.88826474769,897.6439048209381,901.1779359422784,9893.235121695492,0.7532116696329336,0.0907331013342922,0.6064750232047176,0.0907331013343086,False,False,True,830.0,6.0,824.0,below_standard_gap_application,824.0,501-1000
06067008508,Census Tract 85.08,67,8508,7.307582279794803,17.0,32.0,2.3263508160564097,4.3790133008120655,12300,1564.2995844497618,1569.7070398034157,16065.292357831077,937.9004950240428,941.1426201920314,9632.199487180404,1.991871625317886,0.0973713736175637,3.3221903307327816,0.0973713736174488,False,False,True,794.0,32.0,762.0,below_standard_gap_application,762.0,501-1000
06071002706,Census Tract 27.06,71,2706,15.997382953499546,2.0,4.0,0.1250204490205371,0.2500408980410743,14186,484.1851661356839,488.0648727712569,14613.339157664792,315.341454618047,317.866681549613,9615.893463599246,0.2737225186416052,0.0331330957908908,0.4159779863558089,0.0327937758266317,False,False,True,741.0,4.0,737.0,below_standard_gap_application,737.0,501-1000
06019005912,Census Tract 59.12,19,5912,10.445456993276029,0.0,0.0,0.0,0.0,13429,153.4904469305173,153.49367574683032,2232.4013267101163,643.7208803475177,643.7454572315473,9471.296507165813,0.0,0.0687557586953756,0.0,0.0679654448427931,False,False,True,733.0,0.0,733.0,below_standard_gap_application,733.0,501-1000
06095252317,Census Tract 2523.17,95,252317,12.227002508983729,2.0,4.0,0.1635723881246045,0.3271447762492091,14017,1016.4096026143887,1019.5316159560912,25992.038951017104,374.67728266694706,375.762377972185,9513.145006701632,0.1538932750731151,0.0391046506405229,0.4204708324305116,0.0393852172339433,False,False,True,721.0,4.0,717.0,below_standard_gap_application,717.0,501-1000
06065043001,Census Tract 430.01,65,43001,8.501627858869591,4.0,11.0,0.4704981288762097,1.2938698544095768,13365,159.6037245321326,160.11824330883135,4530.749443858335,336.89494624789637,337.9810034569477,9563.602571468551,2.4278544060544043,0.0352267823480028,1.1501941781663645,0.035226782348,False,False,True,726.0,11.0,715.0,below_standard_gap_application,715.0,501-1000
06037108202,Census Tract 1082.02,37,108202,2.3085473435168,9.0,19.0,3.8985555246571466,8.23028388538731,11154,1411.182117949806,1418.7482748720524,8373.282340579892,1514.407848992361,1522.7841742674975,9180.02395458214,2.2691220989789476,0.1685339226065169,2.0697113748288527,0.1649677447994518,False,False,True,732.0,19.0,713.0,below_standard_gap_application,713.0,501-1000
06037601401,Census Tract 6014.01,37,601401,0.6073742146754562,0.0,0.0,0.0,0.0,6057,1419.7506389539958,1422.6880540690718,13593.133229593765,979.7691442658794,981.7962528402192,9380.61385343699,0.0,0.104446165205167,0.0,0.104446165205585,False,False,True,706.0,0.0,706.0,below_standard_gap_application,706.0,501-1000
06061021323,Census Tract 213.23,61,21323,3.4243544127264087,0.0,0.0,0.0,0.0,11540,753.647283274246,757.7211744839294,8974.090797852488,779.3926102472927,783.5971172322174,9293.660308873348,0.0,0.0839803496811726,0.0,0.0838628252318571,False,False,True,695.0,0.0,695.0,below_standard_gap_application,695.0,501-1000
06059032049,Census Tract 320.49,59,32049,4.027105366949178,0.0,0.0,0.0,0.0,10469,916.9284101693434,922.890912723928,8265.302830713656,1124.7327665072344,1131.4471395413714,9150.003253918276,0.0,0.1109370617083817,0.0,0.1229215701126219,False,False,True,688.0,0.0,688.0,below_standard_gap_application,688.0,501-1000
06065041915,Census Tract 419.15,65,41915,19.550036580637183,0.0,0.0,0.0,0.0,9285,1079.8023186100252,1085.3547721699051,10324.617546611576,953.0698319487024,957.9661013226053,9097.917963950827,0.0,0.104585212356307,0.0,0.1047569164423225,False,False,True,658.0,0.0,658.0,below_standard_gap_application,658.0,501-1000
06037601100,Census Tract 6011,37,601100,0.2473266030094558,0.0,0.0,0.0,0.0,6188,534.3000004111196,535.4843152151267,5285.731958544889,924.6263166811646,926.668738168866,9131.88149463412,0.0,0.1010834458882034,0.0,0.1012525531813431,False,False,True,649.0,0.0,649.0,below_standard_gap_application,649.0,501-1000
06059052430,Census Tract 524.30,59,52430,17.76937017932236,0.0,0.0,0.0,0.0,17078,3821.275870939596,3850.457055694599,18513.54403843121,1636.7273651453727,1648.7593039445233,8412.883690853716,0.0,0.2064043417622918,0.0,0.1945501002141255,False,False,True,606.0,0.0,606.0,below_standard_gap_application,606.0,501-1000
06059075518,Census Tract 755.18,59,75518,2.574779904521823,8.0,32.0,3.107061689409031,12.428246757636124,11153,1701.7485906876502,1723.7918423270507,10880.369170289956,1367.8715032444854,1385.560731873932,8760.028868093177,2.9410766766425094,0.1564054090493971,3.6529559984161946,0.156149200401235,False,False,True,629.0,32.0,597.0,below_standard_gap_application,597.0,501-1000
06061021328,Census Tract 213.28,61,21328,71.58921722845461,0.0,0.0,0.0,0.0,12999,3247.0853272455106,3254.5598913567815,42238.64679154022,584.8904943392567,586.1197046456504,8844.67476951202,0.0,0.0768747479830687,0.0,0.0661291126673645,False,False,True,595.0,0.0,595.0,below_standard_gap_application,595.0,501-1000
06061021325,Census Tract 213.25,61,21325,2.4686370916961495,2.0,2.0,0.81016363511975,0.81016363511975,9075,356.6775049576337,357.32227941195316,4049.8283475805865,778.7387657123489,780.14651039975,8842.044381566458,0.493848091412275,0.0880722525365098,0.2261920336171938,0.0880722525365098,False,False,True,592.0,2.0,590.0,below_standard_gap_application,590.0,501-1000
06037920121,Census Tract 9201.21,37,920121,4.710762167465615,7.0,38.0,1.485959118960572,8.066635217214534,11359,1217.346921105694,1221.0834430369057,11412.390075161846,918.198525900812,921.049669780496,8784.117721851417,3.3297144375308343,0.106668884702351,4.325989382572937,0.1045293966879219,False,False,True,601.0,38.0,563.0,below_standard_gap_application,563.0,501-1000
06085504505,Census Tract 5045.05,85,504505,0.7453867170509852,8.0,14.0,10.732683876700731,18.78219678422628,11610,259.5101761257273,261.068696222577,1967.3829222540708,1128.478979215328,1135.2561977207222,8555.15689201396,7.116052417472402,0.1319062868698693,1.63643988961426,0.1319062868699388,False,False,True,574.0,14.0,560.0,below_standard_gap_application,560.0,501-1000
06065043235,Census Tract 432.35,65,43235,5.838276360306209,0.0,0.0,0.0,0.0,13536,542.105531428694,542.7190481615326,7026.774884339738,668.0448137042931,668.7437128413587,8574.505045590002,0.0,0.0771485553972791,0.0,0.0779105977723902,False,False,True,553.0,0.0,553.0,below_standard_gap_application,553.0,501-1000
06065042726,Census Tract 427.26,65,42726,6.458792257572027,0.0,0.0,0.0,0.0,12017,347.4836861154448,348.5282399453538,5400.989146933121,571.6579929493074,573.2160041225188,8636.564324447947,0.0,0.0643370458007231,0.0,0.066190440026144,False,False,True,552.0,0.0,552.0,below_standard_gap_application,552.0,501-1000
06059075516,Census Tract 755.16,59,75516,3.912538653145494,68.0,167.0,17.380019989152373,42.68328438512421,11338,2536.3019360886474,2573.559205439974,19478.89651300863,1191.4092489345376,1208.7179142708137,9227.704574218777,8.573380935027407,0.1302076806247635,18.09767517553393,0.129112201127809,False,False,True,715.0,167.0,548.0,below_standard_gap_application,548.0,501-1000
06009000221,Census Tract 2.21,9,221,65.32454960712903,0.0,0.0,0.0,0.0,6911,112.6610320454858,113.02619575941212,7543.045048641474,129.64184102606882,130.08000774582072,8710.483479554692,0.0,0.0149357495970114,0.0,0.0148834265434708,False,False,True,517.0,0.0,517.0,below_standard_gap_application,517.0,501-1000
06071002308,Census Tract 23.08,71,2308,1.7068570333843671,6.0,17.0,3.515232900381329,9.959826551080432,10143,482.6968625799699,484.0703553420683,7258.565874499722,567.8236984432014,569.4394158849747,8538.662750411406,2.3420604419563364,0.0665003074885283,1.9909440736701909,0.0665003074885283,False,False,True,528.0,17.0,511.0,below_standard_gap_application,511.0,501-1000
06019004212,Census Tract 42.12,19,4212,1.8369445756488376,2.0,10.0,1.0887644768996736,5.443822384498368,12016,143.71768710005344,143.76574022308483,5207.107191896736,242.55067282237496,242.64157362388607,8563.373152783517,1.9204521112148276,0.0276002935610209,1.167764130043721,0.0283241975439939,False,False,True,518.0,10.0,508.0,below_standard_gap_application,508.0,501-1000
06073013424,Census Tract 134.24,73,13424,1.1162487881936982,8.0,52.0,7.166861083849877,46.5845970450242,6464,252.13834594142295,252.3680544993271,2607.7138202423557,849.4263851552043,850.0901235983255,8667.973874134945,19.94083844490544,0.0966894235035306,5.999095146694769,0.0979959558588282,False,False,True,556.0,52.0,504.0,below_standard_gap_application,504.0,501-1000
06077003503,Census Tract 35.03,77,3503,1.091908524004784,2.0,18.0,1.8316552678466291,16.484897410619663,8989,49.93692746329823,50.090579547800694,1177.0774020118154,364.5058553356048,365.6274118135605,8591.870325459353,15.292112455166578,0.0424245061352362,2.0950036858287495,0.0424245061352362,False,False,True,520.0,18.0,502.0,below_standard_gap_application,502.0,501-1000
06073010005,Census Tract 100.05,73,10005,0.5812042390483982,0.0,0.0,0.0,0.0,6487,105.46515205157291,106.07127361508763,6796.441091690432,133.57081089240688,134.33845923086866,8607.64081916932,0.0,0.0155177026665497,0.0,0.0155177026665591,False,False,True,499.0,0.0,499.0,below_standard_gap_application,499.0,251-500
06037920339,Census Tract 9203.39,37,920339,13.179796607350475,8.0,23.0,0.6069896401541082,1.7450952154430608,10017,916.834793935722,918.4437580767318,5328.557773578489,1357.9024431243574,1360.4578399557215,8184.705249307511,4.316364948512876,0.1720605899183119,2.810119521646302,0.1659073114745636,False,False,True,519.0,23.0,496.0,below_standard_gap_application,496.0,251-500
06081613502,Census Tract 6135.02,81,613502,10.185568520235558,2.0,3.0,0.1963562461954501,0.2945343692931752,5806,486.5509395252592,487.7267575248987,5712.036710855196,698.7637441207696,700.3199761304654,8310.108929186705,0.5252067085456187,0.0851799391626132,0.3610060981828314,0.0840859909388885,False,False,True,485.0,3.0,482.0,below_standard_gap_application,482.0,251-500
06059042203,Census Tract 422.03,59,42203,4.333966312147294,1.0,2.0,0.2307355267615227,0.4614710535230455,9842,833.6923454493389,840.4913898199933,9962.218823097466,688.3330423367904,693.9466321966241,8225.245713671078,0.2007584891995132,0.0836854078648039,0.2431538302467761,0.0836854078648034,False,False,True,484.0,2.0,482.0,below_standard_gap_application,482.0,251-500
06037276101,Census Tract 2761.01,37,276101,0.1259940539809221,1.0,1.0,7.936882482973513,7.936882482973513,3441,193.59272950196052,193.9440349631908,1105.242111576551,1409.984818807489,1412.5434653453688,8049.757872822845,0.9047791334819568,0.1751586620471907,0.124227338983219,0.1751586620471907,False,False,True,479.0,1.0,478.0,below_standard_gap_application,478.0,251-500
06037601212,Census Tract 6012.12,37,601212,0.2258948407813212,0.0,0.0,0.0,0.0,5295,528.0341785786909,529.126663086095,5055.563098388497,856.5094302205395,858.2815186968578,8200.487098202892,0.0,0.1044461652050206,0.0,0.1044461652050206,False,False,True,476.0,0.0,476.0,below_standard_gap_application,476.0,251-500
06065040618,Census Tract 406.18,65,40618,7.191332309205686,3.0,19.0,0.4171688737231172,2.6420695335797424,10312,790.461795156645,796.5737595667257,14771.043779575468,446.520164327831,449.9726799160632,8343.781296259482,1.2863004323548268,0.0535142815194718,2.277145016794448,0.0535153245840715,False,False,True,490.0,19.0,471.0,below_standard_gap_application,471.0,251-500
06001437200,Census Tract 4372,1,437200,0.9863336313080292,8.0,16.0,8.1108458092327,16.2216916184654,8968,107.84071294667856,108.63500714968524,1721.0522392532812,520.302583375988,524.1348403640264,8303.616526082056,9.296638204858892,0.062659755751207,1.9268712554033816,0.062659755751207,False,False,True,483.0,16.0,467.0,below_standard_gap_application,467.0,251-500
06081601800,Census Tract 6018,81,601800,0.7133084596592734,0.0,0.0,0.0,0.0,6025,490.5667037691568,492.49806874462735,5406.70049358735,736.9266284997464,739.8279144387228,8121.916011490259,0.0,0.0907331013343528,0.0,0.0907331013343649,False,False,True,459.0,0.0,459.0,below_standard_gap_application,459.0,251-500
06037601002,Census Tract 6010.02,37,601002,0.2444976899452055,0.0,0.0,0.0,0.0,5222,571.5187492898773,572.701201874615,5471.897873589014,844.7010849124609,846.4487423295213,8087.4303355645325,0.0,0.1044461652050202,0.0,0.1044461652050196,False,False,True,458.0,0.0,458.0,below_standard_gap_application,458.0,251-500
06077005223,Census Tract 52.23,77,5223,9.834880011292626,0.0,0.0,0.0,0.0,11561,856.8576842802919,860.0702440745035,4201.426303873541,1337.3952277620654,1342.3283830933983,7757.086789113044,0.0,0.2039444755916115,0.0,0.1724094707357251,False,False,True,457.0,0.0,457.0,below_standard_gap_application,457.0,251-500
06019005805,Census Tract 58.05,19,5805,4.888723173439597,3.0,10.0,0.6136571643694169,2.04552388123139,10834,359.23015693335,359.4514940602343,12895.322349410892,229.22300001119507,229.36423414552112,8228.441899970538,0.7754749923298225,0.027857400319253,1.2152969081589804,0.0278574003192531,False,False,True,461.0,10.0,451.0,below_standard_gap_application,451.0,251-500
06107001012,Census Tract 10.12,107,1012,2.614300023170465,2.0,4.0,0.7650231351696661,1.5300462703393325,11302,40.048664780468414,40.079662199029144,1391.1021501686234,234.45864657532277,234.64011611601575,8143.990047219299,2.875417883233907,0.0287891617273497,0.4911597358061321,0.0287891617273497,False,False,True,451.0,4.0,447.0,below_standard_gap_application,447.0,251-500
06111000302,Census Tract 3.02,111,302,40.002605116639195,2.0,7.0,0.0499967438162694,0.1749886033569431,9118,245.4045337979621,245.50902994888227,6965.162495542931,273.5661761638341,273.597583063349,8192.091261486914,1.0050016786369824,0.0352331383445825,0.8544826682911559,0.0333939365946687,False,False,True,453.0,7.0,446.0,below_standard_gap_application,446.0,251-500
06099003002,Census Tract 30.02,99,3002,9.247154530726446,0.0,0.0,0.0,0.0,7191,223.60979795248312,223.84584444054803,11396.135007542289,159.89909751985084,160.04541979584363,8178.283119074995,0.0,0.0196215469371406,0.0,0.0195516705880361,False,False,True,439.0,0.0,439.0,below_standard_gap_application,439.0,251-500
06013355115,Census Tract 3551.15,13,355115,0.851620091356647,6.0,10.0,7.045395078035191,11.742325130058653,10460,456.8439580979047,459.19065064956686,2095.2793280192113,1656.5376737649876,1665.0468913034167,7597.5813675552035,4.7726333507301755,0.2180348710497639,1.3162083452905304,0.2180348710497639,False,False,True,448.0,10.0,438.0,below_standard_gap_application,438.0,251-500
06061023100,Census Tract 231,61,23100,1.7610558039773354,2.0,4.0,1.135682353439914,2.2713647068798277,8266,252.64376180014787,253.0940318212145,3029.6337682458643,682.367419643502,683.5927652742153,7952.513191093187,1.320291594952736,0.083390858805494,0.5029856479181951,0.0858052546719134,False,False,True,439.0,4.0,435.0,below_standard_gap_application,435.0,251-500
06013334200,Census Tract 3342,13,334200,2.620940503222,1.0,4.0,0.3815424267627099,1.5261697070508395,7522,575.819091280128,577.0674313508048,5181.831473550805,961.8842003050628,963.896170515476,7852.466801811234,0.771927844511515,0.1111226974901121,0.5093940669799926,0.1224945261892984,False,False,True,438.0,4.0,434.0,below_standard_gap_application,434.0,251-500
06073017065,Census Tract 170.65,73,17065,1.805680318978796,5.0,22.0,2.769039429320332,12.18377348900946,10415,510.8145297466503,512.371653751365,2850.393346830455,1388.1326085212336,1392.364075091943,7745.911131012176,7.718233002635685,0.1792084346234738,2.840208159879212,0.1792084346234738,False,False,True,455.0,22.0,433.0,below_standard_gap_application,433.0,251-500
06065043252,Census Tract 432.52,65,43252,1.7440644823346672,5.0,10.0,2.8668664780712816,5.733732956142563,10051,72.28530979590481,72.33210650056336,924.6716862498156,612.2032571924293,612.5995907641982,7831.28715577316,10.814649295207609,0.0781740274638145,1.2769292966901469,0.0781740274638145,False,False,True,424.0,10.0,414.0,below_standard_gap_application,414.0,251-500
06013303207,Census Tract 3032.07,13,303207,2.1519593351562007,1.0,1.0,0.4646927958457053,0.4646927958457053,9770,308.9244578554606,310.0975969033531,4758.950856977577,513.4959625360013,515.3435108192795,7761.970961311488,0.2101303480648049,0.0649144038548991,0.1288332570405592,0.06615535733069,False,False,True,409.0,1.0,408.0,below_standard_gap_application,408.0,251-500
06059021822,Census Tract 218.22,59,21822,4.415883059060593,0.0,0.0,0.0,0.0,9475,1723.5940525405142,1740.9388229981985,14112.86156240665,927.2137327249716,936.5444155128456,7592.065561738755,0.0,0.1221293105525646,0.0,0.1221293105525578,False,False,True,407.0,0.0,407.0,below_standard_gap_application,407.0,251-500
06065043297,Census Tract 432.97,65,43297,12.803933641494806,1.0,2.0,0.0781009983337631,0.1562019966675263,11415,1456.8901044699844,1457.873754160354,19727.197368192858,568.9988197410875,569.396054233774,7611.164435824936,0.1013828757664633,0.0738518542334351,0.2627718816041096,0.0747584452469415,False,False,True,397.0,2.0,395.0,below_standard_gap_application,395.0,251-500
06077005221,Census Tract 52.21,77,5221,1.1378161073391286,1.0,12.0,0.8788766423236684,10.54651970788402,9357,154.61456631179246,155.19691872727944,718.6644773120371,1573.0410306134236,1578.9658555874855,7311.6572197763635,16.69763899404439,0.2151415176245873,1.6412147943071975,0.2151415176245826,False,False,True,402.0,12.0,390.0,below_standard_gap_application,390.0,251-500
06037277100,Census Tract 2771,37,277100,0.4764939974659563,0.0,0.0,0.0,0.0,3179,732.143864300953,733.4724582961791,4179.889568393095,1302.627648641118,1304.9914781511145,7436.844021404495,0.0,0.1751586620462837,0.0,0.1751586620469563,False,False,True,388.0,0.0,388.0,below_standard_gap_application,388.0,251-500
06085505006,Census Tract 5050.06,85,505006,5.501565288144906,39.0,144.0,7.0888916076374615,26.17436901281524,11179,2027.9528910068816,2048.919782985552,18199.140143800527,1049.154395233092,1060.6127460435005,8347.613194952262,7.912461735125057,0.1114312475745012,17.250439932587643,0.1256831588540192,False,False,True,531.0,144.0,387.0,below_standard_gap_application,387.0,251-500
06059032053,Census Tract 320.53,59,32053,3.2446163973333544,0.0,0.0,0.0,0.0,8654,792.5774132170588,797.2338667888353,8532.828632025343,700.7598619416323,704.8768803018323,7544.327802473848,0.0,0.092885659304391,0.0,0.0928856593044442,False,False,True,387.0,0.0,387.0,below_standard_gap_application,387.0,251-500
06037920028,Census Tract 9200.28,37,920028,0.994007539323878,0.0,0.0,0.0,0.0,8576,210.87129327245873,211.85958406378649,2400.848379851413,702.1519015377017,705.4907988008376,7538.279864077986,0.0,0.0878319909920798,0.0,0.0931448439429334,False,False,True,386.0,0.0,386.0,below_standard_gap_application,386.0,251-500
06061021038,Census Tract 210.38,61,21038,1.0737414619087418,0.0,0.0,0.0,0.0,7758,155.13800181136148,155.41844848678053,1761.485568307136,665.7251068205348,666.9285540144585,7558.85182503498,0.0,0.0880722525365086,0.0,0.0880722525365092,False,False,True,385.0,0.0,385.0,below_standard_gap_application,385.0,251-500
06059110604,Census Tract 1106.04,59,110604,1.3701546877803217,0.0,0.0,0.0,0.0,9200,676.6998964122087,687.1118196722676,8603.969564251727,592.4630873237952,601.5559084677448,7550.166505411156,0.0,0.0786497315406368,0.0,0.078470201537831,False,False,True,384.0,0.0,384.0,below_standard_gap_application,384.0,251-500
06077003504,Census Tract 35.04,77,3504,2.077468284642765,1.0,1.0,0.4813551221899674,0.4813551221899674,8195,93.69473315138085,93.99845290598152,2513.92316584555,314.390645270736,315.37148743177494,7677.566118503002,0.3977846314422474,0.0372703248947017,0.1302496109528762,0.040949259233737,False,False,True,384.0,1.0,383.0,below_standard_gap_application,383.0,251-500
06001450752,Census Tract 4507.52,1,450752,6.716779200032745,5.0,10.0,0.744404401439253,1.488808802878506,9709,1290.040178836638,1295.9854679308546,8067.752196546855,827.1232227806569,830.8158045861129,7511.790647996249,1.2395026218430685,0.1599008183950913,1.3312405082358725,0.1101099939468214,False,False,True,392.0,10.0,382.0,below_standard_gap_application,382.0,251-500
06013302014,Census Tract 3020.14,13,302014,1.4830042528573428,0.0,0.0,0.0,0.0,8261,153.63588703346693,154.38655097662618,2995.3159474166723,390.8991423849379,392.8090730480508,7621.047774866021,0.0,0.0512920472265942,0.0,0.0512920472266439,False,False,True,381.0,0.0,381.0,below_standard_gap_application,381.0,251-500
06077003219,Census Tract 32.19,77,3219,1.647961080369433,0.0,0.0,0.0,0.0,11405,207.2597027173747,207.7912077789578,6014.500196373272,262.58548502836504,263.26145545801324,7599.441197284391,0.0,0.0344600043146314,0.0,0.0345532623006805,False,False,True,380.0,0.0,380.0,below_standard_gap_application,380.0,251-500
06083002409,Census Tract 24.09,83,2409,2.8038053854146,0.0,0.0,0.0,0.0,10076,32.63760726727825,32.63760726727825,2094.5259967990005,177.1855507429064,177.1855507429064,7651.932632810912,0.0,0.0155823357251985,0.0,0.0231556600463454,False,False,True,379.0,0.0,379.0,below_standard_gap_application,379.0,251-500
06047002301,Census Tract 23.01,47,2301,3.10680736326195,2.0,14.0,0.6437476696012872,4.50623368720901,10253,6.482804843358018,6.4906248733258805,299.2099866303552,168.06587446186091,168.26860772417922,7756.980082822343,46.78988210809833,0.0216664053107521,1.804826085734406,0.0216664053107521,False,False,True,392.0,14.0,378.0,below_standard_gap_application,378.0,251-500
06077005137,Census Tract 51.37,77,5137,2.246194140206942,17.0,44.0,7.568357380913561,19.58868969177627,9636,112.39023542105151,112.58476633480495,1888.0684161624768,468.9033302672236,469.71493274280505,7877.210727375345,23.304240261288076,0.0595265693017025,5.585733519491692,0.0595265693017025,False,False,True,421.0,44.0,377.0,below_standard_gap_application,377.0,251-500
06025011201,Census Tract 112.01,25,11201,5.577682147057816,2.0,3.0,0.3585718847487543,0.5378578271231316,8978,23.23387237942672,23.23387237942672,1738.16876744359,112.64367470944558,112.64367470944558,7685.862138457553,1.7259543815254756,0.0133668679443584,0.3903270636340166,0.0146559582620944,False,False,True,378.0,3.0,375.0,below_standard_gap_application,375.0,251-500
06095252205,Census Tract 2522.05,95,252205,13.82420868482575,0.0,0.0,0.0,0.0,8310,516.568439252997,518.6244842794177,6985.872708765663,557.2109042242887,559.441403237818,7475.740863234367,0.0,0.0739447254177452,0.0,0.0745358773689772,False,False,True,371.0,0.0,371.0,below_standard_gap_application,371.0,251-500
06065042731,Census Tract 427.31,65,42731,7.968873896044507,0.0,0.0,0.0,0.0,9624,214.8010776620956,216.0115142235508,5476.902509901483,246.84896663199297,248.4122609027713,7547.557423911655,0.0,0.0392194451651759,0.0,0.0327058083519766,False,False,True,369.0,0.0,369.0,below_standard_gap_application,369.0,251-500
06099000514,Census Tract 5.14,99,514,0.4133608292619701,0.0,0.0,0.0,0.0,4575,34.78621467706183,34.78621467706183,1520.2913745209776,174.7194541546579,174.7194541546579,7635.912144459234,0.0,0.0228812813517556,0.0,0.0228812813517554,False,False,True,364.0,0.0,364.0,below_standard_gap_application,364.0,251-500
06073021502,Census Tract 215.02,73,21502,4.131453025057315,3.0,23.0,0.7261367808867636,5.5670486534651875,9517,1965.5602640614384,1971.3465601286491,10195.453670425106,1394.0806331603344,1398.1845842996202,7231.161907421633,2.255907460667319,0.192787915829888,3.180678332813178,0.1927879158298935,False,False,True,384.0,23.0,361.0,below_standard_gap_application,361.0,251-500
06059032066,Census Tract 320.66,59,32066,11.24175589391189,8.0,21.0,0.711632602192732,1.8680355807559217,9328,1362.2540457190191,1368.3441877645014,7748.598454322554,1272.6215897712948,1278.3110177280046,7238.7626334664465,2.7101675385288746,0.1758065092351102,2.9010482955902193,0.1758065092351109,False,False,True,379.0,21.0,358.0,below_standard_gap_application,358.0,251-500
06013346204,Census Tract 3462.04,13,346204,5.031465071672744,0.0,0.0,0.0,0.0,7702,1111.143939342979,1115.5297482337974,7839.576604342185,1072.083655056018,1076.5767838506672,7164.695139398396,0.0,0.1417351976288538,0.0,0.149634232049968,False,False,True,357.0,0.0,357.0,below_standard_gap_application,357.0,251-500
06077005214,Census Tract 52.14,77,5214,32.55882515466014,2.0,10.0,0.0614272778731925,0.3071363893659627,11911,1236.6742254574915,1239.9625081748086,14555.15960346299,537.9543065290628,539.4333440836908,7370.527595067681,0.6870415902289922,0.0849646626453522,1.3567549773088088,0.0729872182948014,False,False,True,367.0,10.0,357.0,below_standard_gap_application,357.0,251-500
06065040302,Census Tract 403.02,65,40302,2.215599730605492,0.0,0.0,0.0,0.0,9812,116.7252862183695,118.2054981812836,4385.938532398444,197.65768437958835,200.1642129858513,7426.963618862021,0.0,0.0266135253278477,0.0,0.0266135253278477,False,False,True,353.0,0.0,353.0,below_standard_gap_application,353.0,251-500
06067009312,Census Tract 93.12,67,9312,0.8172795009221264,0.0,0.0,0.0,0.0,7657,77.09029842788956,77.25123850811494,1075.079735906027,526.1352273410745,527.2336307384469,7337.334694451944,0.0,0.0717065868262519,0.0,0.0717065868262635,False,False,True,353.0,0.0,353.0,below_standard_gap_application,353.0,251-500
06059032059,Census Tract 320.59,59,32059,1.001207335400773,0.0,0.0,0.0,0.0,8955,122.6987922242658,123.24733386802396,697.919506837924,1235.5736808096715,1241.097481049016,7028.031477249242,0.0,0.1758065092351113,0.0,0.1758065092351113,False,False,True,352.0,0.0,352.0,below_standard_gap_application,352.0,251-500
06065041910,Census Tract 419.10,65,41910,4.302253195674147,3.0,6.0,0.6973090293747602,1.3946180587495205,7421,237.4110443042456,238.62970863176176,2262.9834896770744,765.0402252773679,768.967284502404,7292.303539690689,2.6513671122082267,0.1049106391572144,0.822785278663057,0.1049106391572145,False,False,True,357.0,6.0,351.0,below_standard_gap_application,351.0,251-500
06073020110,Census Tract 201.10,73,20110,18.338936663208017,0.0,0.0,0.0,0.0,9085,541.2830017020567,543.4361397331919,11528.324962355506,345.14521701729285,346.22285013466296,7357.826866599895,0.0,0.0469524413537576,0.0,0.0469085809268011,False,False,True,350.0,0.0,350.0,below_standard_gap_application,350.0,251-500
06111005906,Census Tract 59.06,111,5906,4.938004786266022,3.0,6.0,0.6075328254731227,1.2150656509462454,6531,407.1436606173544,408.8150221141415,2949.451633380317,990.8248544030632,994.8922799137492,7177.785798707248,2.034276450610414,0.1380404601348671,0.8359123785890389,0.1380404601348671,False,False,True,352.0,6.0,346.0,below_standard_gap_application,346.0,251-500
06071000121,Census Tract 1.21,71,121,9.243204491394364,0.0,0.0,0.0,0.0,8244,1567.7400599683551,1577.0117517410692,13004.680918003176,857.311141702085,862.3813219329425,7111.5474624724975,0.0,0.1205519820019602,0.0,0.1205519820019622,False,False,True,343.0,0.0,343.0,below_standard_gap_application,343.0,251-500
06047002002,Census Tract 20.02,47,2002,74.9983225863011,0.0,0.0,0.0,0.0,7262,54.82233002622808,54.82233002622808,3716.6117980393706,105.2563384434008,105.2563384434008,7396.35590821106,0.0,0.0147506204589751,0.0,0.0142308374217836,False,False,True,340.0,0.0,340.0,below_standard_gap_application,340.0,251-500
06013359203,Census Tract 3592.03,13,359203,1.4339394955975773,0.0,0.0,0.0,0.0,7058,474.18632901192456,475.70291641814606,5218.577264808206,651.9585087474412,654.0436638926889,7175.018854797266,0.0,0.090865058606994,0.0,0.090865058606994,False,False,True,339.0,0.0,339.0,below_standard_gap_application,339.0,251-500
